lambda,I_669.0ms
0.0,3.5783851155539623e-06
1.0004885197850513,3.7175266835769106e-06
2.0009770395701025,3.8619346068193305e-06
3.001465559355154,4.011802478983597e-06
4.001954079140205,4.167330787568067e-06
5.002442598925256,4.328727150907439e-06
6.002931118710308,4.496206563051907e-06
7.003419638495359,4.6699916467332296e-06
8.00390815828041,4.850312914673193e-06
9.004396678065461,5.037409039497832e-06
10.004885197850513,5.2315271325280975e-06
11.005373717635564,5.432923031726353e-06
12.005862237420615,5.641861599086384e-06
13.006350757205666,5.858617027762779e-06
14.006839276990718,6.083473159244581e-06
15.007327796775769,6.316723810887228e-06
16.00781631656082,6.558673114126148e-06
17.00830483634587,6.809635863704781e-06
18.008793356130923,7.06993787825954e-06
19.009281875915974,7.339916372614763e-06
20.009770395701025,7.619920342150736e-06
21.010258915486077,7.91031095961882e-06
22.010747435271128,8.21146198478797e-06
23.01123595505618,8.523760187319448e-06
24.01172447484123,8.847605783276942e-06
25.01221299462628,9.183412885692204e-06
26.012701514411333,9.531609969617336e-06
27.013190034196384,9.892640352108425e-06
28.013678553981435,1.0266962687598375e-05
29.014167073766487,1.065505147912849e-05
30.014655593551538,1.1057397605923737e-05
31.01514411333659,1.1474508867809375e-05
32.01563263312164,1.1906910546981792e-05
33.01612115290669,1.235514598766074e-05
34.01660967269174,1.2819777194165108e-05
35.017098192476794,1.3301385447970206e-05
36.017586712261846,1.380057194432099e-05
37.0180752320469,1.4317958448991284e-05
38.01856375183195,1.4854187975795391e-05
39.019052271617,1.5409925485477636e-05
40.01954079140205,1.5985858606621443e-05
41.0200293111871,1.6582698379238498e-05
42.02051783097215,1.7201180021716738e-05
43.021006350757204,1.7842063721825298e-05
44.021494870542256,1.8506135452495464e-05
45.02198339032731,1.919420781311442e-05
46.02247191011236,1.9907120897090917e-05
47.02296042989741,2.064574318647357e-05
48.02344894968246,2.1410972474423363e-05
49.02393746946751,2.2203736816364866e-05
50.02442598925256,2.3024995510663174e-05
51.024914509037615,2.3875740109697233e-05
52.025403028822666,2.4756995462226194e-05
53.02589154860772,2.566982078796694e-05
54.02638006839277,2.6615310785328406e-05
55.02686858817782,2.7594596773274983e-05
56.02735710796287,2.860884786831652e-05
57.02784562774792,2.9659272197651458e-05
58.02833414753297,3.074711814951488e-05
59.028822667318025,3.1873675661815835e-05
60.029311187103076,3.3040277550176854e-05
61.02979970688813,3.4248300876516316e-05
62.03028822667318,3.549916835934794e-05
63.03077674645823,3.679434982700368e-05
64.03126526624328,3.813536371501866e-05
65.03175378602833,3.9523778608948095e-05
66.03224230581338,4.096121483392438e-05
67.03273082559843,4.244934609229416e-05
68.03321934538349,4.398990115071361e-05
69.03370786516854,4.5584665578117735e-05
70.03419638495359,4.7235483536012714e-05
71.03468490473864,4.894425962258424e-05
72.03517342452369,5.0712960772154196e-05
73.03566194430874,5.2543618211556296e-05
74.0361504640938,5.4438329475041674e-05
75.03663898387885,5.639926047937448e-05
76.0371275036639,5.84286476608161e-05
77.03761602344895,6.052880017574216e-05
78.038104543234,6.270210216668503e-05
79.03859306301905,6.49510150956371e-05
80.0390815828041,6.727808014650345e-05
81.03957010258915,6.968592069864136e-05
82.0400586223742,7.21772448734664e-05
83.04054714215926,7.475484815616971e-05
84.0410356619443,7.7421616094635e-05
85.04152418172936,8.018052707769966e-05
86.04201270151441,8.303465519496491e-05
87.04250122129946,8.598717318040306e-05
88.04298974108451,8.904135544209301e-05
89.04347826086956,9.22005811804458e-05
90.04396678065461,9.546833759736447e-05
91.04445530043967,9.884822319883416e-05
92.04494382022472,0.00010234395119350724
93.04543234000977,0.00010595935298991419
94.04592085979482,0.00010969838179498513
95.04640937957987,0.00011356511631666119
96.04689789936492,0.00011756376457341537
97.04738641914997,0.00012169866781360129
98.04787493893502,0.0001259743045475941
99.04836345872008,0.00013039529469579034
100.04885197850513,0.00013496640385558933
101.04934049829018,0.00013969254769057027
102.04982901807523,0.0001445787964451496
103.05031753786028,0.00014963037958808751
104.05080605764533,0.0001548526905883113
105.05129457743038,0.00016025129182658125
106.05178309721543,0.00016583191964663783
107.05227161700049,0.00017160048954953703
108.05276013678554,0.00017756310153500303
109.05324865657059,0.00018372604559368125
110.05373717635564,0.00019009580735430414
111.05422569614069,0.0001966790738898579
112.05471421592574,0.0002034827396869564
113.0552027357108,0.00021051391278272127
114.05569125549584,0.0002177799210735583
115.0561797752809,0.00022528831880036225
116.05666829506595,0.0002330468932147488
117.057156814851,0.00024106367143107035
118.05764533463605,0.0002493469274690314
119.0581338544211,0.00025790518949188665
120.05862237420615,0.00026674724724529776
121.0591108939912,0.0002758821597020469
122.05959941377625,0.0002853192629179378
123.0600879335613,0.0002950681781043245
124.06057645334636,0.0003051388199228726
125.06106497313141,0.0003155414050082521
126.06155349291646,0.0003262864607246013
127.06204201270151,0.0003373848341617687
128.06253053248656,0.0003488477013774514
129.0630190522716,0.00036068657689149663
130.06350757205666,0.00037291332343879116
131.06399609184172,0.00038554016198728657
132.06448461162677,0.0003985796820279157
133.06497313141182,0.00041204485214323843
134.06546165119687,0.00042594903086186554
135.06595017098192,0.00044030597780586134
136.06643869076697,0.00045512986513847667
137.06692721055202,0.00047043528931975387
138.06741573033707,0.0004862372831776964
139.06790425012213,0.0005025513283028791
140.06839276990718,0.0005193933677745652
141.06888128969223,0.0005367798192265812
142.06936980947728,0.0005547275882613399
143.06985832926233,0.0005732540822206647
144.07034684904738,0.0005923772243222058
145.07083536883243,0.0006121154681704815
146.07132388861748,0.0006324878126517074
147.07181240840254,0.0006535138172218825
148.0723009281876,0.0006752136175977219
149.07278944797264,0.0006976079418603007
150.0732779677577,0.0007207181269814401
151.07376648754274,0.0007445661357831257
152.0742550073278,0.0007691745743404711
153.07474352711284,0.0007945667098389626
154.0752320468979,0.000820766488896935
155.07572056668295,0.0008477985563644986
156.076209086468,0.0008756882746103916
157.07669760625305,0.0009044617433084252
158.0771861260381,0.0009341458197355168
159.07767464582315,0.0009647681395934625
160.0781631656082,0.0009963571383669928
161.07865168539325,0.001028942073230836
162.0791402051783,0.0010625530455187573
163.07962872496336,0.0010972210237679206
164.0801172447484,0.0011329778673521257
165.08060576453346,0.001169856350717814
166.0810942843185,0.0012078901882369268
167.08158280410356,0.0012471140596911317
168.0820713238886,0.001287563636402159
169.08255984367366,0.0013292756080233274
170.08304836345872,0.0013722877100075853
171.08353688324377,0.001416638751767801
172.08402540302882,0.0014623686455453584
173.08451392281387,0.0015095184360033617
174.08500244259892,0.0015581303305611549
175.08549096238397,0.0016082477304872
176.08597948216902,0.0016599152627676695
177.08646800195407,0.0017131788127685904
178.08695652173913,0.0017680855577094365
179.08744504152418,0.0018246840009668486
180.08793356130923,0.0018830240072271896
181.08842208109428,0.0019431568385072082
182.08891060087933,0.0020051351910623616
183.08939912066438,0.002069013233202819
184.08988764044943,0.0021348466440375474
185.09037616023448,0.0022026926531672946
186.09086468001954,0.0022726100813475775
187.0913531998046,0.002344659382143396
188.09184171958964,0.002418902684597726
189.0923302393747,0.002495403836936187
190.09281875915974,0.002574228451330905
191.0933072789448,0.0026554439497468232
192.09379579872984,0.002739119610894383
193.0942843185149,0.002825326618312833
194.09477283829995,0.0029141381096088295
195.095261358085,0.0030056292268756052
196.09574987787005,0.0030998771683184182
197.0962383976551,0.003196961241112485
198.09672691744015,0.0032969629155199733
199.0972154372252,0.0033999658802933252
200.09770395701025,0.0035060560993925996
201.0981924767953,0.003615321870045124
202.09868099658036,0.0037278538821759457
203.0991695163654,0.003843745279238656
204.09965803615046,0.003963091720476235
205.1001465559355,0.004085991444642351
206.10063507572056,0.004212545335213943
207.1011235955056,0.0043428569871267276
208.10161211529066,0.004477032775065525
209.10210063507571,0.004615181923342249
210.10258915486077,0.004757416577394543
211.10307767464582,0.004903851876939153
212.10356619443087,0.0050546060308142545
213.10405471421592,0.0052098003935459785
214.10454323400097,0.005369559543674715
215.10503175378602,0.00553401136387732
216.10552027357107,0.00570328712292264
217.10600879335612,0.005877521559497535
218.10649731314118,0.0060568529679417196
219.10698583292623,0.006241423285930447
220.10747435271128,0.006431378184144618
221.10796287249633,0.006626867157968518
222.10845139228138,0.006828043621256207
223.10893991206643,0.007035065002207986
224.10942843185148,0.007248092841399818
225.10991695163654,0.007467292892008255
226.1104054714216,0.007692835222274993
227.11089399120664,0.007924894320255463
228.1113825109917,0.008163649200896784
229.11187103077674,0.008409283515491292
230.1123595505618,0.008661985663552033
231.11284807034684,0.008921948907158113
232.1133365901319,0.009189371487818327
233.11382510991695,0.00946445674590183
234.114313629702,0.009747413242686173
235.11480214948705,0.010038454885073052
236.1152906692721,0.010337801053023652
237.11577918905715,0.010645676729765921
238.1162677088422,0.010962312634826697
239.11675622862725,0.011287945359942781
240.1172447484123,0.011622817507906337
241.11773326819736,0.01196717783439971
242.1182217879824,0.012321281392876608
243.11871030776746,0.012685389682546863
244.1191988275525,0.013059770799523635
245.11968734733756,0.013444699591191916
246.1201758671226,0.013840457813858419
247.12066438690766,0.014247334293744057
248.1211529066927,0.014665625091381041
249.12164142647777,0.015095633669477734
250.12212994626282,0.015537671064314213
251.12261846604787,0.015992056060734193
252.12310698583292,0.016459115370798687
253.12359550561797,0.016939183816168296
254.12408402540302,0.01743260451428121
255.12457254518807,0.01793972906839611
256.1250610649731,0.018460917761569055
257.1255495847582,0.018996539754635937
258.1260381045432,0.019546973288270434
259.1265266243283,0.020112605889191365
260.12701514411333,0.020693834580592502
261.1275036638984,0.021291066096869957
262.12799218368343,0.021904717102721512
263.1284807034685,0.022535214416695933
264.12896922325353,0.023182995239268894
265.1294577430386,0.023848507385525363
266.12994626282364,0.024532209522527066
267.1304347826087,0.025234571411445934
268.13092330239374,0.02595607415454661
269.1314118221788,0.026697210447099735
270.13190034196384,0.027458484834310636
271.1323888617489,0.02824041397334757
272.13287738153394,0.029043526900557587
273.133365901319,0.029868365303955473
274.13385442110405,0.03071548380107471
275.1343429408891,0.03158545022226996
276.13483146067415,0.03247884589956195
277.1353199804592,0.033396265961116105
278.13580850024425,0.034338319631447005
279.1362970200293,0.03530563053744369
280.13678553981435,0.03629883702030996
281.1372740595994,0.03731859245351675
282.13776257938446,0.038365565566862284
283.1382510991695,0.03944044077673894
284.13873961895456,0.04054391852270766
285.1392281387396,0.041676715610478525
286.13971665852466,0.04283956556139969
287.1402051783097,0.04403321896855828
288.14069369809476,0.04525844385959614
289.1411822178798,0.04651602606634735
290.14167073766487,0.047806769601400664
291.1421592574499,0.049131497041696344
292.14264777723497,0.05049104991926629
293.14313629702,0.05188628911922575
294.1436248168051,0.05331809528512722
295.1441133365901,0.05478736923178864
296.1446018563752,0.05629503236570977
297.1450903761602,0.0578420271131896
298.1455788959453,0.05942931735626011
299.14606741573033,0.06105788887655221
300.1465559355154,0.06272874980721282
301.14704445530043,0.06444293109299004
302.1475329750855,0.06620148695860593
303.14802149487053,0.06800549538553756
304.1485100146556,0.0698560585973292
305.14899853444064,0.07175430355355716
306.1494870542257,0.07370138245257099
307.14997557401074,0.07569847324313568
308.1504640937958,0.07774678014510254
309.15095261358084,0.07984753417923375
310.1514411333659,0.08200199370630955
311.15192965315094,0.08421144497564448
312.152418172936,0.08647720268314765
313.15290669272105,0.08880061053905332
314.1533952125061,0.0911830418454561
315.15388373229115,0.09362590008378067
316.1543722520762,0.09613061951232452
317.15486077186125,0.09869866577400568
318.1553492916463,0.10133153651444904
319.15583781143135,0.10403076201055159
320.1563263312164,0.10679790580966167
321.15681485100146,0.10963456537951204
322.1573033707865,0.11254237276904483
323.15779189057156,0.11552299528026556
324.1582804103566,0.11857813615127359
325.15876893014166,0.12170953525060582
326.1592574499267,0.12491896978303546
327.15974596971176,0.1282082550069689
328.1602344894968,0.13157924496358991
329.16072300928187,0.13503383321788825
330.1612115290669,0.13857395361172054
331.16170004885197,0.14220158102905028
332.162188568637,0.14591873217351137
333.1626770884221,0.14972746635844558
334.1631656082071,0.15362988630955543
335.1636541279922,0.15762813898032432
336.1641426477772,0.1617244163803525
337.1646311675623,0.16592095641675894
338.1651196873473,0.17022004374879302
339.1656082071324,0.1746240106558097
340.16609672691743,0.17913523791875846
341.1665852467025,0.1837561557153392
342.16707376648753,0.18848924452896434
343.1675622862726,0.19333703607169148
344.16805080605764,0.19830211422127098
345.1685393258427,0.20338711597246084
346.16902784562774,0.2085947324027596
347.1695163654128,0.2139277096527077
348.17000488519784,0.2193888499209137
349.1704934049829,0.2249810124739526
350.17098192476794,0.2307071146712874
351.171470444553,0.23657013300536525
352.17195896433805,0.24257310415704414
353.1724474841231,0.24871912606649552
354.17293600390815,0.25501135901973715
355.1734245236932,0.26145302675093873
356.17391304347825,0.26804741756066514
357.1744015632633,0.27479788545019457
358.17489008304835,0.28170785127206416
359.1753786028334,0.28878080389699157
360.17586712261846,0.2960203013973222
361.1763556424035,0.3034299722471503
362.17684416218856,0.311013516539258
363.1773326819736,0.31877470721901285
364.17782120175866,0.3267173913353851
365.1783097215437,0.33484549130921365
366.17879824132876,0.34316300621887297
367.1792867611138,0.35167401310346963
368.17977528089887,0.36038266828373405
369.1802638006839,0.36929320870072585
370.18075232046897,0.3784099532724952
371.181240840254,0.3877373042688487
372.18172936003907,0.3972797487043416
373.1822178798241,0.4070418597496472
374.1827063996092,0.41702829816141784
375.1831949193942,0.4272438137307788
376.1836834391793,0.4376932467505912
377.1841719589643,0.4483815295016031
378.1846604787494,0.45931368775761267
379.18514899853443,0.4704948423097726
380.1856375183195,0.48193021051016194
381.18612603810453,0.4936251078347418
382.1866145578896,0.5055849494658043
383.18710307767464,0.5178152518940429
384.1875915974597,0.5303216345403515
385.18808011724474,0.5431098213974709
386.1885686370298,0.5561856426915723
387.18905715681484,0.5695550365639027
388.1895456765999,0.5832240507725835
389.19003419638494,0.5971988444146763
390.19052271617,0.6114856896685897
391.19101123595505,0.6260909735569412
392.1914997557401,0.6410211997299575
393.19198827552515,0.656282990269505
394.1924767953102,0.6718830875138275
395.19296531509525,0.6878283559030699
396.1934538348803,0.7041257838456831
397.19394235466535,0.7207824856057679
398.1944308744504,0.7378057032114266
399.19491939423546,0.7552028083841934
400.1954079140205,0.772981304489604
401.19589643380556,0.7911488285089814
402.1963849535906,0.8097131530324443
403.19687347337566,0.8286821882732258
404.1973619931607,0.8480639841033537
405.19785051294576,0.8678667321106975
406.1983390327308,0.8880987676774438
407.19882755251587,0.9087685720800175
408.1993160723009,0.9298847746104826
409.19980459208597,0.9514561547194522
410.200293111871,0.9734916441804914
411.20078163165607,0.9960003292760506
412.2012701514411,1.0189914530049315
413.2017586712262,1.0424744173112803
414.2022471910112,1.0664587853350904
415.2027357107963,1.0909542836842159
416.2032242305813,1.1159708047278782
417.2037127503664,1.1415184089116355
418.20420127015143,1.167607327093791
419.2046897899365,1.1942479629031681
420.20517830972153,1.2214508951182763
421.2056668295066,1.2492268800677708
422.20615534929163,1.2775868540521271
423.2066438690767,1.3065419357865293
424.20713238886174,1.3361034288648503
425.2076209086468,1.3662828242446798
426.20810942843184,1.3970918027532817
427.2085979482169,1.4285422376144037
428.20908646800194,1.460646196995846
429.209574987787,1.4934159465776924
430.21006350757204,1.526863952141024
431.2105520273571,1.5610028821770698
432.21104054714215,1.595845610516617
433.2115290669272,1.631405218979564
434.21201758671225,1.667695000044429
435.2125061064973,1.7047284595376928
436.21299462628235,1.742519319342803
437.2134831460674,1.7810815201286607
438.21397166585245,1.8204292240973912
439.2144601856375,1.860576817751208
440.21494870542256,1.9015389146781945
441.2154372252076,1.943330358356786
442.21592574499266,1.9859662249786685
443.2164142647777,2.0294618262899435
444.21690278456276,2.073832712450263
445.2173913043478,2.119094674909745
446.21787982413286,2.165263749303307
447.2183683439179,2.212356218362227
448.21885686370297,2.260388614842631
449.219345383488,2.30937772447061
450.21983390327307,2.359340588903658
451.2203224230581,2.4102945087080685
452.2208109428432,2.4622570463520863
453.2212994626282,2.5152460292143783
454.2217879824133,2.5692795526074574
455.2222765021983,2.6243759828157764
456.2227650219834,2.680553960148071
457.22325354176843,2.73783240200362
458.2237420615535,2.7962305059519035
459.22423058133853,2.855767752825408
460.2247191011236,2.916463909825046
461.22520762090863,2.9783390336378353
462.2256961406937,3.0414134735663088
463.22618466047874,3.1057078746692683
464.2266731802638,3.1712431809133697
465.22716170004884,3.2380406383351406
466.2276502198339,3.306121798212769
467.22813873961894,3.3755085202473176
468.228627259404,3.4462229757527556
469.22911577918904,3.5182876508543375
470.2296042989741,3.591725349694681
471.23009281875915,3.6665591976470395
472.2305813385442,3.742812644535254
473.23106985832925,3.820509467859671
474.2315583781143,3.899673776028548
475.23204689789935,3.9803300115941513
476.2325354176844,4.062502954493165
477.23302393746945,4.146217725290567
478.2335124572545,4.231499788426345
479.23400097703956,4.3183749554644555
480.2344894968246,4.406869388343257
481.23497801660966,4.497009602626777
482.2354665363947,4.588822470756048
483.23595505617976,4.682335225299753
484.2364435759648,4.777575462203516
485.23693209574986,4.874571144037066
486.2374206155349,4.973350603238401
487.23790913531997,5.073942545354196
488.238397655105,5.176376052275758
489.23888617489007,5.280680585469589
490.2393746946751,5.386885989201711
491.2398632144602,5.495022493754948
492.2403517342452,5.605120718638295
493.2408402540303,5.717211675787519
494.2413287738153,5.8313267727559825
495.2418172936004,5.947497815894842
496.2423058133854,6.065757013521731
497.2427943331705,6.1861369790769825
498.24328285295553,6.308670734266285
499.2437713727406,6.433391712188903
500.24425989252563,6.560333760450565
501.2447484123107,6.689531144259853
502.24523693209574,6.821018549507077
503.2457254518808,6.95483108582466
504.24621397166584,7.091004289628001
505.2467024914509,7.229574127135697
506.24719101123594,7.370576997368005
507.247679531021,7.514049735122427
508.24816805080604,7.660029613925469
509.2486565705911,7.808554348959287
510.24914509037615,7.959662099962061
511.2496336101612,8.11339147410093
512.2501221299462,8.269781528816482
513.2506106497312,8.428871774637454
514.2510991695164,8.590702177964337
515.2515876893015,8.755313163820858
516.2520762090865,8.922745618572035
517.2525647288714,9.093040892607505
518.2530532486566,9.266240802988891
519.2535417684417,9.442387636059797
520.2540302882267,9.62152415001744
521.2545188080117,9.803693577444315
522.2550073277968,9.988939627798612
523.2554958475819,10.177306489862076
524.2559843673669,10.368838834144038
525.2564728871519,10.563581815240205
526.256961406937,10.76158107414464
527.2574499267221,10.962882740513697
528.2579384465071,11.167533434880594
529.2584269662921,11.37558027081903
530.2589154860772,11.587070857054384
531.2594040058623,11.802053299521134
532.2598925256473,12.02057620336504
533.2603810454323,12.242688674888653
534.2608695652174,12.468440323438394
535.2613580850025,12.69788126323201
536.2618466047875,12.931062115124725
537.2623351245725,13.168034008312711
538.2628236443576,13.408848581972082
539.2633121641427,13.653557986832002
540.2638006839277,13.902214886680428
541.2642892037127,14.154872459800943
542.2647777234978,14.411584400338706
543.2652662432829,14.672404919594365
544.2657547630679,14.937388747244215
545.2662432828529,15.206591132484888
546.266731802638,15.48006784510101
547.2672203224231,15.75787517645406
548.2677088422081,16.040069940391163
549.2681973619931,16.32670947407181
550.2686858817782,16.6178516387109
551.2691744015633,16.913554820236463
552.2696629213483,17.213877929860622
553.2701514411333,17.518880404561845
554.2706399609184,17.828622207476734
555.2711284807035,18.143163828199935
556.2716170004885,18.46256628299027
557.2721055202735,18.786891114881612
558.2725940400586,19.116200393696495
559.2730825598437,19.450556715960705
560.2735710796287,19.7900232047177
561.2740595994137,20.134663509240685
562.2745481191988,20.48454180464036
563.2750366389839,20.839722791367272
564.2755251587689,21.200271694606517
565.2760136785539,21.56625426356357
566.276502198339,21.937736770638814
567.2769907181241,22.31478601048957
568.2774792379091,22.697469298977776
569.2779677576941,23.085854472001696
570.2784562774792,23.48000988420951
571.2789447972643,23.880004407593376
572.2794333170493,24.285907429962307
573.2799218368343,24.697788853292103
574.2804103566194,25.115719091950307
575.2808988764045,25.53976907079465
576.2813873961895,25.970010223143525
577.2818759159745,26.40651448861655
578.2823644357596,26.849354310843374
579.2828529555447,27.29860263503913
580.2833414753297,27.754332905445025
581.2838299951147,28.216619062632358
582.2843185148998,28.685535540667974
583.284807034685,29.161157264139504
584.2852955544699,29.643559645039314
585.2857840742549,30.132818579505003
586.28627259404,30.629010444414686
587.2867611138252,31.132212093835765
588.2872496336101,31.642500855325455
589.2877381533951,32.15995452608176
590.2882266731802,32.68465136894248
591.2887151929654,33.216670108231426
592.2892037127503,33.756089925450155
593.2896922325353,34.30299045481364
594.2901807523205,34.857451778627905
595.2906692721056,35.419554422508675
596.2911577918906,35.98937935043937
597.2916463116755,36.567007959667045
598.2921348314607,37.15252207543446
599.2926233512458,37.74600394554694
600.2931118710308,38.34753623477311
601.2936003908158,38.95720201907766
602.2940889106009,39.5750847796846
603.294577430386,40.20126839696982
604.295065950171,40.83583714418193
605.295554469956,41.47887568098987
606.2960429897411,42.13046904685551
607.2965315095262,42.790702654230685
608.2970200293112,43.459662281576996
609.2975085490962,44.13743406620778
610.2979970688813,44.824104496950106
611.2984855886664,45.519760406625984
612.2989741084514,46.224488964352545
613.2994626282364,46.93837766765889
614.2999511480215,47.66151433441923
615.3004396678066,48.39398709460078
616.3009281875916,49.13588438182605
617.3014167073766,49.88729492474851
618.3019052271617,50.64830773823985
619.3023937469468,51.41901211438871
620.3028822667318,52.199497613310065
621.3033707865168,52.98985405376438
622.3038593063019,53.790171503585114
623.304347826087,54.60054026991449
624.304836345872,55.42105088924678
625.305324865657,56.25179411727849
626.3058133854421,57.09286091856443
627.3063019052272,57.94434245597885
628.3067904250122,58.80633007998237
629.3072789447972,59.67891531769327
630.3077674645823,60.56218986176233
631.3082559843674,61.45624555905131
632.3087445041524,62.361174399115335
633.3092330239374,63.27706850248787
634.3097215437225,64.20402010876819
635.3102100635076,65.14212156451134
636.3106985832926,66.09146531092061
637.3111871030776,67.05214387134231
638.3116756228627,68.02424983856223
639.3121641426478,69.00787586190408
640.3126526624328,70.00311463413061
641.3131411822178,71.01005887814668
642.3136297020029,72.02880133350443
643.314118221788,73.05943474271092
644.314606741573,74.1020518373388
645.315095261358,75.15674532394029
646.3155837811431,76.22360786976394
647.3160723009282,77.30273208827523
648.3165608207132,78.3942105244821
649.3170493404982,79.49813564006502
650.3175378602833,80.61459979831213
651.3180263800684,81.74369524886066
652.3185148998534,82.88551411224513
653.3190034196384,84.0401483642535
654.3194919394235,85.20768982009089
655.3199804592086,86.38823011835292
656.3204689789936,87.58186070480922
657.3209574987786,88.78867281599857
658.3214460185637,90.00875746263581
659.3219345383488,91.24220541283213
660.3224230581338,92.4891071751302
661.3229115779188,93.74955298135586
662.3234000977039,95.02363276928611
663.323888617489,96.3114361651358
664.324377137274,97.61305246586521
665.324865657059,98.92857062130925
666.3253541768441,100.25807921612909
667.3258426966293,101.60166645158944
668.3263312164142,102.95942012716239
669.3268197361992,104.33142762196022
670.3273082559843,105.71777587599809
671.3277967757695,107.11855137128875
672.3282852955545,108.5338401127724
673.3287738153394,109.96372760908345
674.3292623351246,111.40829885315463
675.3297508549097,112.86763830266241
676.3302393746947,114.3418298603164
677.3307278944797,115.83095685399363
678.3312164142648,117.3351020167212
679.3317049340499,118.85434746650876
680.3321934538349,120.38877468603485
681.3326819736199,121.93846450218952
682.333170493405,123.50349706547433
683.3336590131901,125.08395182926401
684.3341475329751,126.67990752893296
685.3346360527601,128.2914421608489
686.3351245725452,129.91863296123617
687.3356130923303,131.56155638491245
688.3361016121153,133.22028808390246
689.3365901319003,134.89490288593163
690.3370786516854,136.58547477280206
691.3375671714705,138.29207685865492
692.3380556912555,140.01478136812375
693.3385442110405,141.75365961438098
694.3390327308256,143.50878197708104
695.3395212506107,145.28021788020405
696.3400097703957,147.0680357698048
697.3404982901807,148.87230309167052
698.3409868099658,150.69308626888966
699.3414753297509,152.53045067933687
700.3419638495359,154.38446063307958
701.3424523693209,156.25517934970858
702.342940889106,158.14266893559625
703.3434294088911,160.04699036108795
704.3439179286761,161.96820343763116
705.3444064484611,163.90636679484612
706.3448949682462,165.8615378575419
707.3453834880313,167.83377282268245
708.3458720078163,169.8231266363092
709.3463605276013,171.82965297042304
710.3468490473864,173.85340419983004
711.3473375671715,175.89443137895634
712.3478260869565,177.95278421863827
713.3483146067415,180.0285110628912
714.3488031265266,182.12165886566177
715.3492916463117,184.2322731675694
716.3497801660967,186.36039807264206
717.3502686858817,188.5060762250523
718.3507572056668,190.66934878585664
719.3512457254519,192.85025540974445
720.3517342452369,195.04883422180342
721.3522227650219,197.2651217943057
722.352711284807,199.4991531235184
723.3531998045921,201.75096160654692
724.3536883243771,204.0205790182149
725.3541768441621,206.3080354879886
726.3546653639472,208.61335947694718
727.3551538837323,210.93657775480813
728.3556424035173,213.27771537701355
729.3561309233023,215.6367956618816
730.3566194430874,218.01384016782944
731.3571079628725,220.4088686706731
732.3575964826575,222.8218991410121
733.3580850024425,225.25294772170378
734.3585735222276,227.70202870543187
735.3590620420127,230.16915451237716
736.3595505617977,232.65433566799635
737.3600390815827,235.1575807809158
738.3605276013678,237.67889652094357
739.3610161211529,240.21828759720864
740.3615046409379,242.7757567364331
741.3619931607229,245.3513046613439
742.362481680508,247.94493006922943
743.3629702002931,250.556629610646
744.3634587200781,253.18639786828598
745.3639472398631,255.8342273360083
746.3644357596482,258.5001083980405
747.3649242794334,261.18402930835714
748.3654127992183,263.88597617024385
749.3659013190033,266.60593291605204
750.3663898387885,269.3438812871487
751.3668783585736,272.0998008140708
752.3673668783586,274.87366879689
753.3678553981435,277.66546028579495
754.3683439179287,280.475148061895
755.3688324377138,283.30270261825393
756.3693209574988,286.14809214116184
757.3698094772838,289.0112824916494
758.3702979970689,291.8922371872511
759.370786516854,294.7909173840247
760.371275036639,297.7072818588344
761.371763556424,300.6412869919043
762.3722520762091,303.59288674964586
763.3727405959942,306.56203266776873
764.3732291157792,309.5486738346818
765.3737176355642,312.55275687519
766.3742061553493,315.5742259344928
767.3746946751344,318.61302266249083
768.3751831949194,321.66908619840973
769.3756717147044,324.74235315574646
770.3761602344895,327.83275760754157
771.3766487542746,330.94023107198797
772.3771372740596,334.0647024983803
773.3776257938446,337.20609825341495
774.3781143136297,340.36434210783983
775.3786028334148,343.53935522346654
776.3790913531998,346.7310561405507
777.3795798729848,349.9393607655441
778.3800683927699,353.1641823592262
779.380556912555,356.4054315252201
780.38104543234,359.66301619890197
781.381533952125,362.9368416367087
782.3820224719101,366.22681040584683
783.3825109916952,369.5328223744125
784.3829995114802,372.8547747019272
785.3834880312652,376.1925618302971
786.3839765510503,379.54607547519635
787.3844650708354,382.915204617885
788.3849535906204,386.2998354974671
789.3854421104054,389.69985160359323
790.3859306301905,393.1151336696117
791.3864191499756,396.54555966617585
792.3869076697606,399.9910047953144
793.3873961895456,403.4513414849666
794.3878847093307,406.9264393839901
795.3883732291158,410.4161653576445
796.3888617489008,413.92038348355874
797.3893502686858,417.43895504818596
798.3898387884709,420.9717385437499
799.390327308256,424.5185896656864
800.390815828041,428.079361310591
801.391304347826,431.65390357467095
802.3917928676111,435.2420637527086
803.3922813873962,438.84368633753917
804.3927699071812,442.4586130200518
805.3932584269662,446.086682689714
806.3937469467513,449.72773143562364
807.3942354665364,453.3815925480942
808.3947239863214,457.0480965207779
809.3952125061064,460.7270710533302
810.3957010258915,464.41834105461686
811.3961895456766,468.1217286464698
812.3966780654616,471.837053167996
813.3971665852466,475.5641311804417
814.3976551050317,479.3027764726139
815.3981436248168,483.0528000668639
816.3986321446018,486.81401022563665
817.3991206643868,490.5862124585891
818.3996091841719,494.3692095302766
819.400097703957,498.16280146841376
820.400586223742,501.96678557271224
821.401074743527,505.78095642429776
822.4015632633121,509.605105895706
823.4020517830972,513.4390231614613
824.4025403028822,517.2824947092424
825.4030288226672,521.1353043516358
826.4035173424523,524.9972332384749
827.4040058622375,528.868059869771
828.4044943820224,532.7475601092367
829.4049829018074,536.6355071984035
830.4054714215926,540.5316717713318
831.4059599413777,544.4358218699167
832.4064484611627,548.3477229597911
833.4069369809476,552.2671379468271
834.4074255007328,556.1938271942336
835.4079140205179,560.1275485402506
836.4084025403029,564.0680573164456
837.4088910600879,568.0151063666076
838.409379579873,571.9684460662393
839.4098680996581,575.9278243426456
840.4103566194431,579.8929866956255
841.4108451392281,583.8636762187577
842.4113336590132,587.839633621285
843.4118221787983,591.8205972505936
844.4123106985833,595.806303115289
845.4127992183683,599.7964849088667
846.4132877381534,603.7908740339753
847.4137762579385,607.7891996272684
848.4142647777235,611.79118858485
849.4147532975085,615.7965655883081
850.4152418172936,619.8050531313315
851.4157303370787,623.8163715469115
852.4162188568637,627.8302390351273
853.4167073766487,631.8463716915093
854.4171958964338,635.8644835359789
855.4176844162189,639.8842865423615
856.4181729360039,643.9054906684719
857.4186614557889,647.9278038867681
858.419149975574,651.9509322155673
859.4196384953591,655.9745797508239
860.4201270151441,659.9984486984647
861.4206155349291,664.0222394072808
862.4211040547142,668.045650402364
863.4215925744993,672.0683784190918
864.4220810942843,676.090118437653
865.4225696140693,680.1105637181116
866.4230581338544,684.1294058360006
867.4235466536395,688.1463347184424
868.4240351734245,692.1610386807954
869.4245236932095,696.1732044638146
870.4250122129946,700.182517271326
871.4255007327797,704.1886608084044
872.4259892525647,708.1913173200554
873.4264777723497,712.1901676303928
874.4269662921348,716.1848911823012
875.4274548119199,720.1751660775841
876.4279433317049,724.160669117589
877.4284318514899,728.1410758443029
878.428920371275,732.1160605819094
879.4294088910601,736.0852964788041
880.4298974108451,740.0484555500599
881.4303859306301,744.005208720336
882.4308744504152,747.9552258672212
883.4313629702003,751.8981758650048
884.4318514899853,755.8337266288705
885.4323400097703,759.7615451595028
886.4328285295554,763.6812975880981
887.4333170493405,767.5926492217711
888.4338055691255,771.4952645893545
889.4342940889105,775.3888074875773
890.4347826086956,779.2729410276158
891.4352711284807,783.147327682007
892.4357596482657,787.0116293319198
893.4362481680507,790.8655073147729
894.4367366878358,794.7086224721872
895.4372252076209,798.5406351982681
896.4377137274059,802.3612054882078
897.4382022471909,806.169992987197
898.438690766976,809.966657039637
899.4391792867611,813.75085673864
900.4396678065461,817.5222509758147
901.4401563263311,821.2804984913207
902.4406448461162,825.0252579241844
903.4411333659014,828.7561878628651
904.4416218856863,832.4729468960636
905.4421104054713,836.1751936637618
906.4425989252564,839.8625869084804
907.4430874450416,843.5347855267481
908.4435759648266,847.1914486207689
909.4440644846115,850.8322355502801
910.4445530043967,854.4568059845843
911.4450415241818,858.064819954751
912.4455300439668,861.6559379059726
913.4460185637517,865.2298207500663
914.4465070835369,868.786129918109
915.446995603322,872.3245274131924
916.447484123107,875.8446758632923
917.447972642892,879.3462385742364
918.4484611626771,882.8288795827596
919.4489496824622,886.2922637096347
920.4494382022472,889.7360566128713
921.4499267220322,893.1599248409657
922.4504152418173,896.5635358861928
923.4509037616024,899.946558237927
924.4513922813874,903.3086614359825
925.4518808011724,906.6495161239594
926.4523693209575,909.9687941025834
927.4528578407426,913.2661683830262
928.4533463605276,916.5413132401991
929.4538348803126,919.7939042660034
930.4543234000977,923.0236184225255
931.4548119198828,926.2301340951669
932.4553004396678,929.4131311456957
933.4557889594528,932.5722909652092
934.4562774792379,935.7072965269913
935.456765999023,938.817832439256
936.457254518808,941.9035849977643
937.457743038593,944.964242238303
938.4582315583781,947.9994939890092
939.4587200781632,951.0090319225325
940.4592085979482,953.9925496080219
941.4596971177332,956.9497425629245
942.4601856375183,959.8803083045829
943.4606741573034,962.7839464016191
944.4611626770884,965.6603585250973
945.4616511968734,968.5092484994469
946.4621397166585,971.3303223531371
947.4626282364436,974.12328836909
948.4631167562286,976.8878571348218
949.4636052760136,979.6237415922988
950.4640937957987,982.3306570874942
951.4645823155838,985.0083214196378
952.4650708353688,987.6564548901438
953.4655593551538,990.2747803512068
954.4660478749389,992.8630232540518
955.466536394724,995.4209116968271
956.467024914509,997.9481764721323
957.467513434294,1000.4445511141639
958.4680019540791,1002.9097719454703
959.4684904738642,1005.3435781233043
960.4689789936492,1007.7457116855609
961.4694675134342,1010.1159175962918
962.4699560332193,1012.4539437907811
963.4704445530044,1014.7595412201729
964.4709330727894,1017.0324638956422
965.4714215925744,1519.2724689320953
966.4719101123595,1521.4793165913889
967.4723986321446,1523.6527703250572
968.4728871519296,1525.7925968165387
969.4733756717146,1527.8985660228907
970.4738641914997,1529.9704512159783
971.4743527112848,1532.0080290231324
972.4748412310698,1534.0110794672626
973.4753297508548,1535.979386006418
974.4758182706399,1537.9127355727842
975.476306790425,1539.8109186111044
976.47679531021,1541.673729116521
977.477283829995,1543.5009646718229
978.4777723497801,1545.292426484091
979.4782608695652,1547.0479194207312
980.4787493893502,1548.7672520448887
981.4792379091352,1550.4502366502315
982.4797264289203,1552.0966892950973
983.4802149487055,1553.7064298359903
984.4807034684904,1555.2792819604251
985.4811919882754,1056.815073219107
986.4816805080605,1058.313635057438
987.4821690278457,1059.774802846342
988.4826575476307,1061.198415912406
989.4831460674156,1062.5843175673228
990.4836345872008,1063.932355136628
991.4841231069859,1065.2423799877313
992.4846116267709,1066.514247557225
993.4851001465559,1067.747817377472
994.485588666341,1068.942953102458
995.4860771861261,1070.0995225329068
996.4865657059111,1071.2173976406511
997.487054225696,1072.296454592253
998.4875427454812,1073.3365737718625
999.4880312652663,1074.3376398033195
1000.4885197850513,1075.29954157148
1001.4890083048363,1076.2221722427741
1002.4894968246214,1077.105429284979
1003.4899853444065,1077.9492144862097
1004.4904738641915,1078.7534339731199
1005.4909623839765,1079.5179982283066
1006.4914509037616,1080.2428221069176
1007.4919394235467,1080.9278248524547
1008.4924279433317,1081.5729301117676
1009.4929164631167,1082.1780659492401
1010.4934049829018,1082.7431648601585
1011.4938935026869,1083.2681637832607
1012.4943820224719,1083.7530041124671
1013.4948705422569,1084.1976317077817
1014.495359062042,1084.60199690537
1015.4958475818271,1084.9660545268025
1016.4963361016121,1085.2897638874692
1017.4968246213971,1085.573088804156
1018.4973131411822,1085.8159976017857
1019.4978016609673,1086.01846311932
1020.4982901807523,1086.1804627148208
1021.4987787005373,1086.3019782696713
1022.4992672203224,1086.3829961919523
1023.4997557401075,1086.4235074189758
1024.5002442598925,1086.4235074189758
1025.5007327796775,1086.3829961919523
1026.5012212994625,1086.3019782696713
1027.5017098192477,1086.1804627148208
1028.5021983390327,1086.01846311932
1029.5026868588177,1085.8159976017857
1030.503175378603,1085.573088804156
1031.503663898388,1085.2897638874692
1032.504152418173,1084.9660545268025
1033.504640937958,1084.60199690537
1034.505129457743,1084.197631707782
1035.5056179775281,1083.7530041124671
1036.506106497313,1083.2681637832607
1037.506595017098,1082.7431648601585
1038.5070835368833,1082.1780659492401
1039.5075720566683,1081.5729301117676
1040.5080605764533,1080.9278248524547
1041.5085490962383,1080.2428221069179
1042.5090376160233,1079.5179982283069
1043.5095261358085,1078.7534339731199
1044.5100146555935,1077.9492144862097
1045.5105031753785,1077.1054292849792
1046.5109916951637,1076.2221722427741
1047.5114802149487,1075.29954157148
1048.5119687347337,1074.3376398033195
1049.5124572545187,1073.3365737718627
1050.5129457743037,1072.2964545922532
1051.513434294089,1071.2173976406511
1052.513922813874,1070.0995225329068
1053.514411333659,1068.9429531024582
1054.5148998534441,1067.747817377472
1055.5153883732291,1066.514247557225
1056.5158768930141,1065.2423799877313
1057.5163654127991,1063.9323551366283
1058.5168539325841,1062.584317567323
1059.5173424523693,1061.198415912406
1060.5178309721543,1059.774802846342
1061.5183194919393,1058.313635057438
1062.5188080117246,1056.815073219107
1063.5192965315096,1055.2792819604251
1064.5197850512945,1053.7064298359903
1065.5202735710795,1052.0966892950973
1066.5207620908645,1050.450236650232
1067.5212506106498,1048.7672520448887
1068.5217391304348,1047.0479194207312
1069.5222276502197,1045.2924264840913
1070.522716170005,1043.5009646718229
1071.52320468979,1041.673729116521
1072.523693209575,1039.8109186111044
1073.52418172936,1037.9127355727844
1074.524670249145,1035.9793860064185
1075.5251587689302,1034.0110794672626
1076.5256472887152,1032.0080290231324
1077.5261358085002,1029.9704512159785
1078.5266243282854,1027.8985660228907
1079.5271128480704,1025.7925968165387
1080.5276013678554,1023.6527703250572
1081.5280898876404,1021.4793165913891
1082.5285784074254,1019.2724689320959
1083.5290669272106,1017.0324638956422
1084.5295554469956,1014.7595412201729
1085.5300439667806,1012.4539437907813
1086.5305324865658,1010.1159175962918
1087.5310210063508,1007.7457116855609
1088.5315095261358,1005.3435781233043
1089.5319980459208,1002.9097719454707
1090.5324865657058,1000.4445511141645
1091.532975085491,997.9481764721323
1092.533463605276,995.4209116968271
1093.533952125061,992.8630232540521
1094.5344406448462,990.2747803512068
1095.5349291646312,987.6564548901438
1096.5354176844162,985.0083214196378
1097.5359062042012,982.3306570874944
1098.5363947239862,979.6237415922994
1099.5368832437714,976.8878571348218
1100.5373717635564,974.12328836909
1101.5378602833414,971.3303223531375
1102.5383488031266,968.5092484994469
1103.5388373229116,965.6603585250973
1104.5393258426966,962.7839464016191
1105.5398143624816,959.8803083045832
1106.5403028822666,956.9497425629252
1107.5407914020518,953.9925496080219
1108.5412799218368,951.0090319225325
1109.5417684416218,947.9994939890095
1110.542256961407,944.964242238303
1111.542745481192,941.9035849977643
1112.543234000977,938.817832439256
1113.543722520762,935.7072965269917
1114.544211040547,932.5722909652098
1115.5446995603322,929.4131311456957
1116.5451880801172,926.2301340951669
1117.5456765999022,923.0236184225259
1118.5461651196874,919.7939042660034
1119.5466536394724,916.5413132401991
1120.5471421592574,913.2661683830262
1121.5476306790424,909.9687941025837
1122.5481191988274,906.6495161239602
1123.5486077186126,903.3086614359825
1124.5490962383976,899.946558237927
1125.5495847581826,896.5635358861931
1126.5500732779678,893.1599248409657
1127.5505617977528,889.7360566128713
1128.5510503175378,886.2922637096347
1129.5515388373228,882.8288795827599
1130.5520273571078,879.3462385742372
1131.552515876893,875.8446758632923
1132.553004396678,872.3245274131924
1133.553492916463,868.7861299181094
1134.5539814362483,865.2298207500663
1135.5544699560332,861.6559379059726
1136.5549584758182,858.064819954751
1137.5554469956032,854.4568059845848
1138.5559355153882,850.8322355502808
1139.5564240351734,847.1914486207689
1140.5569125549584,843.5347855267481
1141.5574010747434,839.8625869084809
1142.5578895945287,836.1751936637618
1143.5583781143137,832.4729468960636
1144.5588666340986,828.7561878628651
1145.5593551538836,825.0252579241849
1146.5598436736686,821.2804984913214
1147.5603321934539,817.5222509758147
1148.5608207132389,813.75085673864
1149.5613092330238,809.9666570396374
1150.561797752809,806.169992987197
1151.562286272594,802.3612054882078
1152.562774792379,798.5406351982681
1153.563263312164,794.7086224721877
1154.563751831949,790.8655073147738
1155.5642403517343,787.0116293319198
1156.5647288715193,783.147327682007
1157.5652173913043,779.2729410276163
1158.5657059110895,775.3888074875773
1159.5661944308745,771.4952645893545
1160.5666829506595,767.5926492217711
1161.5671714704445,763.6812975880986
1162.5676599902295,759.7615451595036
1163.5681485100147,755.8337266288705
1164.5686370297997,751.8981758650048
1165.5691255495847,747.9552258672217
1166.56961406937,744.005208720336
1167.5701025891549,740.0484555500599
1168.5705911089399,736.0852964788041
1169.5710796287249,732.1160605819099
1170.5715681485099,728.1410758443036
1171.572056668295,724.160669117589
1172.57254518808,720.1751660775841
1173.573033707865,716.1848911823017
1174.5735222276503,712.1901676303928
1175.5740107474353,708.1913173200554
1176.5744992672203,704.1886608084044
1177.5749877870053,700.1825172713264
1178.5754763067903,696.1732044638155
1179.5759648265755,692.1610386807954
1180.5764533463605,688.1463347184424
1181.5769418661455,684.1294058360012
1182.5774303859307,680.1105637181116
1183.5779189057157,676.090118437653
1184.5784074255007,672.0683784190918
1185.5788959452857,668.0456504023645
1186.5793844650707,664.0222394072816
1187.579872984856,659.9984486984647
1188.580361504641,655.9745797508239
1189.580850024426,651.9509322155678
1190.5813385442111,647.9278038867681
1191.5818270639961,643.9054906684719
1192.582315583781,639.8842865423615
1193.582804103566,635.8644835359794
1194.583292623351,631.8463716915102
1195.5837811431363,627.8302390351273
1196.5842696629213,623.8163715469115
1197.5847581827063,619.8050531313319
1198.5852467024915,615.7965655883081
1199.5857352222765,611.79118858485
1200.5862237420615,607.7891996272684
1201.5867122618465,603.7908740339759
1202.5872007816315,599.7964849088677
1203.5876893014167,595.806303115289
1204.5881778212017,591.8205972505936
1205.5886663409867,587.8396336212855
1206.589154860772,583.8636762187577
1207.589643380557,579.8929866956255
1208.590131900342,575.9278243426456
1209.590620420127,571.9684460662397
1210.591108939912,568.0151063666085
1211.5915974596971,564.0680573164456
1212.5920859794821,560.1275485402506
1213.5925744992671,556.193827194234
1214.5930630190524,552.2671379468271
1215.5935515388373,548.3477229597911
1216.5940400586223,544.4358218699167
1217.5945285784073,540.5316717713323
1218.5950170981923,536.6355071984044
1219.5955056179776,532.7475601092367
1220.5959941377625,528.868059869771
1221.5964826575475,524.9972332384754
1222.5969711773328,521.1353043516358
1223.5974596971178,517.2824947092424
1224.5979482169028,513.4390231614613
1225.5984367366877,509.6051058957064
1226.5989252564727,505.7809564242986
1227.599413776258,501.96678557271224
1228.599902296043,498.16280146841376
1229.600390815828,494.36920953027703
1230.6008793356132,490.5862124585891
1231.6013678553982,486.81401022563665
1232.6018563751832,483.0528000668639
1233.6023448949682,479.3027764726143
1234.6028334147531,475.5641311804425
1235.6033219345384,471.837053167996
1236.6038104543234,468.1217286464698
1237.6042989741084,464.4183410546173
1238.6047874938936,460.7270710533302
1239.6052760136786,457.0480965207779
1240.6057645334636,453.3815925480942
1241.6062530532486,449.7277314356241
1242.6067415730336,446.0866826897148
1243.6072300928188,442.4586130200518
1244.6077186126038,438.84368633753917
1245.6082071323888,435.24206375270893
1246.608695652174,431.65390357467095
1247.609184171959,428.079361310591
1248.609672691744,424.5185896656864
1249.610161211529,420.97173854375023
1250.610649731314,417.43895504818676
1251.6111382510992,413.92038348355874
1252.6116267708842,410.4161653576445
1253.6121152906692,406.92643938399056
1254.6126038104544,403.4513414849666
1255.6130923302394,399.9910047953144
1256.6135808500244,396.54555966617585
1257.6140693698094,393.115133669612
1258.6145578895944,389.69985160359386
1259.6150464093796,386.2998354974671
1260.6155349291646,382.915204617885
1261.6160234489496,379.5460754751967
1262.6165119687348,376.1925618302971
1263.6170004885198,372.8547747019272
1264.6174890083048,369.5328223744125
1265.6179775280898,366.2268104058473
1266.6184660478748,362.93684163670946
1267.61895456766,359.66301619890197
1268.619443087445,356.4054315252201
1269.61993160723,353.16418235922663
1270.6204201270152,349.9393607655441
1271.6209086468002,346.7310561405507
1272.6213971665852,343.53935522346654
1273.6218856863702,340.3643421078402
1274.6223742061552,337.20609825341575
1275.6228627259404,334.0647024983803
1276.6233512457254,330.94023107198797
1277.6238397655104,327.832757607542
1278.6243282852956,324.74235315574646
1279.6248168050806,321.66908619840973
1280.6253053248656,318.61302266249083
1281.6257938446506,315.57422593449314
1282.6262823644356,312.5527568751907
1283.6267708842208,309.5486738346818
1284.6272594040058,306.56203266776873
1285.6277479237908,303.59288674964614
1286.628236443576,300.6412869919043
1287.628724963361,297.7072818588344
1288.629213483146,294.7909173840247
1289.629702002931,291.8922371872515
1290.630190522716,289.0112824916501
1291.6306790425012,286.14809214116184
1292.6311675622862,283.30270261825393
1293.6316560820712,280.4751480618953
1294.6321446018565,277.66546028579495
1295.6326331216414,274.87366879689
1296.6331216414264,272.0998008140708
1297.6336101612114,269.34388128714903
1298.6340986809964,266.6059329160526
1299.6345872007817,263.88597617024385
1300.6350757205666,261.18402930835714
1301.6355642403516,258.5001083980408
1302.6360527601369,255.8342273360083
1303.6365412799219,253.18639786828598
1304.6370297997069,250.556629610646
1305.6375183194918,247.94493006922968
1306.6380068392768,245.3513046613445
1307.638495359062,242.7757567364331
1308.638983878847,240.21828759720864
1309.639472398632,237.67889652094385
1310.6399609184173,235.1575807809158
1311.6404494382023,232.65433566799635
1312.6409379579873,230.16915451237716
1313.6414264777723,227.70202870543218
1314.6419149975573,225.25294772170434
1315.6424035173425,222.8218991410121
1316.6428920371275,220.4088686706731
1317.6433805569125,218.01384016782967
1318.6438690766977,215.6367956618816
1319.6443575964827,213.27771537701355
1320.6448461162677,210.93657775480813
1321.6453346360527,208.6133594769474
1322.6458231558377,206.30803548798914
1323.6463116756229,204.0205790182149
1324.6468001954079,201.75096160654692
1325.6472887151929,199.49915312351862
1326.647777234978,197.2651217943057
1327.648265754763,195.04883422180342
1328.648754274548,192.85025540974445
1329.649242794333,190.6693487858569
1330.649731314118,188.50607622505277
1331.6502198339033,186.36039807264206
1332.6507083536883,184.2322731675694
1333.6511968734733,182.12165886566203
1334.6516853932585,180.0285110628912
1335.6521739130435,177.95278421863827
1336.6526624328285,175.89443137895634
1337.6531509526135,173.85340419983027
1338.6536394723985,171.82965297042352
1339.6541279921837,169.8231266363092
1340.6546165119687,167.83377282268245
1341.6551050317537,165.8615378575421
1342.655593551539,163.90636679484612
1343.656082071324,161.96820343763116
1344.656570591109,160.04699036108795
1345.657059110894,158.14266893559645
1346.657547630679,156.255179349709
1347.658036150464,154.38446063307958
1348.658524670249,152.53045067933687
1349.659013190034,150.69308626888986
1350.6595017098193,148.87230309167052
1351.6599902296043,147.0680357698048
1352.6604787493893,145.28021788020405
1353.6609672691743,143.50878197708124
1354.6614557889593,141.75365961438138
1355.6619443087445,140.01478136812375
1356.6624328285295,138.29207685865492
1357.6629213483145,136.58547477280226
1358.6634098680997,134.89490288593163
1359.6638983878847,133.22028808390246
1360.6643869076697,131.56155638491245
1361.6648754274547,129.91863296123637
1362.6653639472397,128.29144216084921
1363.665852467025,126.67990752893296
1364.66634098681,125.08395182926401
1365.666829506595,123.50349706547449
1366.6673180263801,121.93846450218952
1367.6678065461651,120.38877468603485
1368.6682950659501,118.85434746650876
1369.6687835857351,117.33510201672141
1370.6692721055201,115.83095685399398
1371.6697606253053,114.3418298603164
1372.6702491450903,112.86763830266241
1373.6707376648753,111.40829885315478
1374.6712261846606,109.96372760908345
1375.6717147044455,108.5338401127724
1376.6722032242305,107.11855137128875
1377.6726917440155,105.71777587599827
1378.6731802638005,104.33142762196051
1379.6736687835858,102.95942012716239
1380.6741573033707,101.60166645158944
1381.6746458231557,100.25807921612925
1382.675134342941,98.92857062130925
1383.675622862726,97.61305246586521
1384.676111382511,96.3114361651358
1385.676599902296,95.02363276928628
1386.677088422081,93.74955298135616
1387.6775769418662,92.4891071751302
1388.6780654616512,91.24220541283213
1389.6785539814362,90.00875746263597
1390.6790425012214,88.78867281599857
1391.6795310210064,87.58186070480922
1392.6800195407914,86.38823011835292
1393.6805080605764,85.20768982009105
1394.6809965803614,84.04014836425378
1395.6814851001466,82.88551411224513
1396.6819736199316,81.74369524886066
1397.6824621397166,80.61459979831226
1398.6829506595018,79.49813564006502
1399.6834391792868,78.3942105244821
1400.6839276990718,77.30273208827523
1401.6844162188568,76.22360786976402
1402.6849047386418,75.15674532394051
1403.685393258427,74.1020518373388
1404.685881778212,73.05943474271092
1405.686370297997,72.02880133350457
1406.6868588177822,71.01005887814668
1407.6873473375672,70.00311463413061
1408.6878358573522,69.00787586190408
1409.6883243771372,68.02424983856231
1410.6888128969222,67.05214387134252
1411.6893014167074,66.09146531092061
1412.6897899364924,65.14212156451134
1413.6902784562774,64.20402010876832
1414.6907669760626,63.27706850248787
1415.6912554958476,62.361174399115335
1416.6917440156326,61.45624555905131
1417.6922325354176,60.562189861762405
1418.6927210552026,59.678915317693445
1419.6932095749878,58.80633007998237
1420.6936980947728,57.94434245597885
1421.6941866145578,57.09286091856454
1422.694675134343,56.25179411727849
1423.695163654128,55.42105088924678
1424.695652173913,54.60054026991449
1425.696140693698,53.790171503585206
1426.696629213483,52.989854053764546
1427.6971177332682,52.199497613310065
1428.6976062530532,51.41901211438871
1429.6980947728382,50.64830773823994
1430.6985832926234,49.88729492474851
1431.6990718124084,49.13588438182605
1432.6995603321934,48.39398709460078
1433.7000488519784,47.661514334419316
1434.7005373717634,46.93837766765905
1435.7010258915486,46.224488964352545
1436.7015144113336,45.519760406625984
1437.7020029311186,44.824104496950184
1438.7024914509038,44.13743406620778
1439.7029799706888,43.459662281576996
1440.7034684904738,42.790702654230685
1441.7039570102588,42.13046904685561
1442.7044455300438,41.47887568099002
1443.704934049829,40.83583714418193
1444.705422569614,40.20126839696982
1445.705911089399,39.57508477968467
1446.7063996091842,38.95720201907766
1447.7068881289692,38.34753623477311
1448.7073766487542,37.74600394554694
1449.7078651685392,37.15252207543455
1450.7083536883242,36.56700795966718
1451.7088422081094,35.98937935043937
1452.7093307278944,35.419554422508675
1453.7098192476794,34.85745177862797
1454.7103077674647,34.30299045481364
1455.7107962872497,33.756089925450155
1456.7112848070346,33.216670108231426
1457.7117733268196,32.684651368942546
1458.7122618466046,32.15995452608189
1459.7127503663899,31.642500855325455
1460.7132388861748,31.132212093835765
1461.7137274059598,30.629010444414753
1462.714215925745,30.132818579505003
1463.71470444553,29.643559645039314
1464.715192965315,29.161157264139504
1465.7156814851,28.685535540668017
1466.716170004885,28.216619062632454
1467.7166585246703,27.754332905445025
1468.7171470444553,27.29860263503913
1469.7176355642403,26.849354310843434
1470.7181240840255,26.40651448861655
1471.7186126038105,25.970010223143525
1472.7191011235955,25.53976907079465
1473.7195896433805,25.115719091950353
1474.7200781631655,24.6977888532922
1475.7205666829507,24.285907429962307
1476.7210552027357,23.880004407593376
1477.7215437225207,23.480009884209554
1478.7220322423059,23.085854472001696
1479.7225207620909,22.697469298977776
1480.7230092818759,22.31478601048957
1481.7234978016609,21.93773677063886
1482.7239863214459,21.566254263563657
1483.724474841231,21.200271694606517
1484.724963361016,20.839722791367272
1485.725451880801,20.484541804640404
1486.7259404005863,20.134663509240685
1487.7264289203713,19.7900232047177
1488.7269174401563,19.450556715960705
1489.7274059599413,19.116200393696527
1490.7278944797263,18.786891114881694
1491.7283829995115,18.46256628299027
1492.7288715192965,18.143163828199935
1493.7293600390815,17.828622207476766
1494.7298485588667,17.518880404561845
1495.7303370786517,17.213877929860622
1496.7308255984367,16.913554820236463
1497.7313141182217,16.617851638710924
1498.7318026380067,16.326709474071883
1499.732291157792,16.040069940391163
1500.732779677577,15.75787517645406
1501.733268197362,15.480067845101035
1502.7337567171471,15.206591132484888
1503.734245236932,14.937388747244215
1504.734733756717,14.672404919594365
1505.735222276502,14.411584400338732
1506.735710796287,14.154872459800993
1507.7361993160723,13.902214886680428
1508.7366878358573,13.653557986832002
1509.7371763556423,13.408848581972117
1510.7376648754275,13.168034008312711
1511.7381533952125,12.931062115124725
1512.7386419149975,12.69788126323201
1513.7391304347825,12.468440323438415
1514.7396189545675,12.242688674888695
1515.7401074743527,12.02057620336504
1516.7405959941377,11.802053299521134
1517.7410845139227,11.587070857054414
1518.741573033708,11.37558027081903
1519.742061553493,11.167533434880594
1520.742550073278,10.962882740513697
1521.743038593063,10.76158107414466
1522.743527112848,10.563581815240251
1523.7440156326331,10.368838834144038
1524.7445041524181,10.177306489862076
1525.7449926722031,9.988939627798638
1526.7454811919883,9.803693577444315
1527.7459697117733,9.62152415001744
1528.7464582315583,9.442387636059797
1529.7469467513433,9.266240802988907
1530.7474352711283,9.093040892607545
1531.7479237909135,8.922745618572035
1532.7484123106985,8.755313163820858
1533.7489008304835,8.590702177964353
1534.7493893502688,8.428871774637454
1535.7498778700538,8.269781528816482
1536.7503663898387,8.11339147410093
1537.7508549096237,7.959662099962075
1538.7513434294087,7.808554348959322
1539.751831949194,7.660029613925469
1540.752320468979,7.514049735122427
1541.752808988764,7.370576997368017
1542.7532975085492,7.229574127135697
1543.7537860283342,7.091004289628001
1544.7542745481192,6.95483108582466
1545.7547630679042,6.821018549507089
1546.7552515876891,6.689531144259882
1547.7557401074744,6.560333760450565
1548.7562286272594,6.433391712188903
1549.7567171470444,6.308670734266296
1550.7572056668296,6.1861369790769825
1551.7576941866146,6.065757013521731
1552.7581827063996,5.947497815894842
1553.7586712261846,5.831326772755998
1554.7591597459696,5.717211675787546
1555.7596482657548,5.605120718638295
1556.7601367855398,5.495022493754948
1557.7606253053248,5.3868859892017245
1558.76111382511,5.280680585469589
1559.761602344895,5.176376052275758
1560.76209086468,5.073942545354196
1561.762579384465,4.973350603238411
1562.76306790425,4.8745711440370885
1563.7635564240352,4.777575462203516
1564.7640449438202,4.682335225299753
1565.7645334636052,4.58882247075606
1566.7650219833904,4.497009602626777
1567.7655105031754,4.406869388343257
1568.7659990229604,4.3183749554644555
1569.7664875427454,4.231499788426353
1570.7669760625304,4.146217725290581
1571.7674645823156,4.062502954493165
1572.7679531021006,3.9803300115941513
1573.7684416218856,3.8996737760285543
1574.7689301416708,3.820509467859671
1575.7694186614558,3.742812644535254
1576.7699071812408,3.6665591976470395
1577.7703957010258,3.5917253496946913
1578.7708842208108,3.518287650854356
1579.771372740596,3.4462229757527556
1580.771861260381,3.3755085202473176
1581.772349780166,3.306121798212775
1582.7728382999512,3.2380406383351406
1583.7733268197362,3.1712431809133697
1584.7738153395212,3.1057078746692683
1585.7743038593062,3.0414134735663194
1586.7747923790912,2.978339033637849
1587.7752808988764,2.916463909825046
1588.7757694186614,2.855767752825408
1589.7762579384464,2.7962305059519106
1590.7767464582316,2.73783240200362
1591.7772349780166,2.680553960148071
1592.7777234978016,2.6243759828157764
1593.7782120175866,2.569279552607462
1594.7787005373716,2.515246029214391
1595.7791890571568,2.4622570463520863
1596.7796775769418,2.4102945087080685
1597.7801660967268,2.359340588903661
1598.780654616512,2.30937772447061
1599.781143136297,2.260388614842631
1600.781631656082,2.212356218362227
1601.782120175867,2.1652637493033127
1602.782608695652,2.1190946749097543
1603.7830972154372,2.073832712450263
1604.7835857352222,2.0294618262899435
1605.7840742550072,1.9859662249786738
1606.7845627747924,1.943330358356786
1607.7850512945774,1.9015389146781945
1608.7855398143624,1.860576817751208
1609.7860283341474,1.820429224097396
1610.7865168539324,1.7810815201286716
1611.7870053737176,1.742519319342803
1612.7874938935026,1.7047284595376928
1613.7879824132876,1.667695000044432
1614.7884709330729,1.631405218979564
1615.7889594528579,1.595845610516617
1616.7894479726428,1.5610028821770698
1617.7899364924278,1.526863952141027
1618.7904250122128,1.493415946577699
1619.790913531998,1.460646196995846
1620.791402051783,1.4285422376144037
1621.791890571568,1.3970918027532853
1622.7923790913533,1.3662828242446798
1623.7928676111383,1.3361034288648503
1624.7933561309233,1.3065419357865293
1625.7938446507083,1.2775868540521307
1626.7943331704932,1.2492268800677773
1627.7948216902785,1.2214508951182763
1628.7953102100635,1.1942479629031681
1629.7957987298485,1.167607327093793
1630.7962872496337,1.1415184089116355
1631.7967757694187,1.1159708047278782
1632.7972642892037,1.0909542836842159
1633.7977528089887,1.0664587853350933
1634.7982413287737,1.0424744173112852
1635.7987298485589,1.0189914530049315
1636.7992183683439,0.9960003292760506
1637.7997068881289,0.9734916441804932
1638.800195407914,0.9514561547194522
1639.800683927699,0.9298847746104826
1640.801172447484,0.9087685720800175
1641.801660967269,0.888098767677446
1642.802149487054,0.8678667321107006
1643.8026380068393,0.8480639841033537
1644.8031265266243,0.8286821882732258
1645.8036150464093,0.8097131530324457
1646.8041035661945,0.7911488285089814
1647.8045920859795,0.772981304489604
1648.8050806057645,0.7552028083841934
1649.8055691255495,0.7378057032114294
1650.8060576453345,0.7207824856057716
1651.8065461651197,0.7041257838456831
1652.8070346849047,0.6878283559030699
1653.8075232046897,0.6718830875138293
1654.808011724475,0.656282990269505
1655.80850024426,0.6410211997299575
1656.808988764045,0.6260909735569412
1657.80947728383,0.6114856896685918
1658.809965803615,0.5971988444146794
1659.8104543234,0.5832240507725835
1660.810942843185,0.5695550365639027
1661.81143136297,0.5561856426915743
1662.8119198827553,0.5431098213974709
1663.8124084025403,0.5303216345403515
1664.8128969223253,0.5178152518940429
1665.8133854421103,0.5055849494658057
1666.8138739618953,0.49362510783474434
1667.8143624816805,0.48193021051016194
1668.8148510014655,0.4704948423097726
1669.8153395212505,0.45931368775761394
1670.8158280410357,0.4483815295016031
1671.8163165608207,0.4376932467505912
1672.8168050806057,0.4272438137307788
1673.8172936003907,0.4170282981614189
1674.8177821201757,0.40704185974964935
1675.818270639961,0.3972797487043416
1676.818759159746,0.3877373042688487
1677.819247679531,0.37840995327249655
1678.8197361993161,0.36929320870072585
1679.8202247191011,0.36038266828373405
1680.8207132388861,0.35167401310346963
1681.8212017586711,0.34316300621887363
1682.8216902784561,0.3348454913092154
1683.8221787982413,0.3267173913353851
1684.8226673180263,0.31877470721901285
1685.8231558378113,0.3110135165392585
1686.8236443575965,0.3034299722471503
1687.8241328773815,0.2960203013973222
1688.8246213971665,0.28878080389699157
1689.8251099169515,0.28170785127206516
1690.8255984367365,0.27479788545019607
1691.8260869565217,0.26804741756066514
1692.8265754763067,0.26145302675093873
1693.8270639960917,0.25501135901973804
1694.827552515877,0.24871912606649552
1695.828041035662,0.24257310415704414
1696.828529555447,0.23657013300536525
1697.829018075232,0.2307071146712878
1698.829506595017,0.22498101247395377
1699.8299951148022,0.2193888499209137
1700.8304836345872,0.2139277096527077
1701.8309721543721,0.20859473240276033
1702.8314606741574,0.20338711597246084
1703.8319491939424,0.19830211422127098
1704.8324377137274,0.19333703607169148
1705.8329262335124,0.18848924452896468
1706.8334147532973,0.1837561557153402
1707.8339032730826,0.17913523791875846
1708.8343917928676,0.1746240106558097
1709.8348803126526,0.17022004374879363
1710.8353688324378,0.16592095641675894
1711.8358573522228,0.1617244163803525
1712.8363458720078,0.15762813898032432
1713.8368343917928,0.15362988630955599
1714.8373229115778,0.14972746635844636
1715.837811431363,0.14591873217351137
1716.838299951148,0.14220158102905028
1717.838788470933,0.13857395361172106
1718.8392769907182,0.13503383321788825
1719.8397655105032,0.13157924496358991
1720.8402540302882,0.1282082550069689
1721.8407425500732,0.12491896978303567
1722.8412310698582,0.12170953525060647
1723.8417195896434,0.11857813615127359
1724.8422081094284,0.11552299528026556
1725.8426966292134,0.11254237276904504
1726.8431851489986,0.10963456537951204
1727.8436736687836,0.10679790580966167
1728.8441621885686,0.10403076201055159
1729.8446507083536,0.1013315365144494
1730.8451392281386,0.09869866577400621
1731.8456277479238,0.09613061951232452
1732.8461162677088,0.09362590008378067
1733.8466047874938,0.09118304184545627
1734.847093307279,0.08880061053905332
1735.847581827064,0.08647720268314765
1736.848070346849,0.08421144497564448
1737.848558866634,0.08200199370630969
1738.849047386419,0.07984753417923432
1739.8495359062042,0.07774678014510254
1740.8500244259892,0.07569847324313568
1741.8505129457742,0.07370138245257112
1742.8510014655594,0.07175430355355716
1743.8514899853444,0.0698560585973292
1744.8519785051294,0.06800549538553756
1745.8524670249144,0.06620148695860605
1746.8529555446994,0.0644429310929905
1747.8534440644846,0.06272874980721282
1748.8539325842696,0.06105788887655221
1749.8544211040546,0.059429317356260315
1750.8549096238398,0.0578420271131896
1751.8553981436248,0.05629503236570977
1752.8558866634098,0.05478736923178864
1753.8563751831948,0.05331809528512732
1754.8568637029798,0.05188628911922593
1755.857352222765,0.05049104991926629
1756.85784074255,0.049131497041696344
1757.858329262335,0.04780676960140083
1758.8588177821202,0.04651602606634735
1759.8593063019052,0.04525844385959614
1760.8597948216902,0.04403321896855828
1761.8602833414752,0.042839565561399846
1762.8607718612602,0.04167671561047874
1763.8612603810454,0.04054391852270766
1764.8617489008304,0.03944044077673894
1765.8622374206154,0.03836556556686235
1766.8627259404007,0.03731859245351675
1767.8632144601856,0.03629883702030996
1768.8637029799706,0.03530563053744369
1769.8641914997556,0.03433831963144713
1770.8646800195406,0.033396265961116285
1771.8651685393259,0.03247884589956195
1772.8656570591108,0.03158545022226996
1773.8661455788958,0.030715483801074812
1774.866634098681,0.029868365303955473
1775.867122618466,0.029043526900557587
1776.867611138251,0.02824041397334757
1777.868099658036,0.027458484834310685
1778.868588177821,0.026697210447099877
1779.8690766976063,0.02595607415454661
1780.8695652173913,0.025234571411445934
1781.8700537371762,0.024532209522527153
1782.8705422569615,0.023848507385525363
1783.8710307767465,0.023182995239268894
1784.8715192965315,0.022535214416695933
1785.8720078163165,0.021904717102721627
1786.8724963361014,0.02129106609687011
1787.8729848558867,0.020693834580592502
1788.8734733756717,0.020112605889191365
1789.8739618954567,0.019546973288270507
1790.8744504152419,0.018996539754635937
1791.8749389350269,0.018460917761569055
1792.8754274548119,0.01793972906839611
1793.8759159745969,0.01743260451428127
1794.8764044943819,0.016939183816168383
1795.876893014167,0.016459115370798687
1796.877381533952,0.015992056060734193
1797.877870053737,0.015537671064314267
1798.8783585735223,0.015095633669477734
1799.8788470933073,0.014665625091381041
1800.8793356130923,0.014247334293744057
1801.8798241328773,0.013840457813858467
1802.8803126526623,0.01344469959119201
1803.8808011724475,0.013059770799523635
1804.8812896922325,0.012685389682546863
1805.8817782120175,0.01232128139287663
1806.8822667318027,0.01196717783439971
1807.8827552515877,0.011622817507906337
1808.8832437713727,0.011287945359942781
1809.8837322911577,0.010962312634826736
1810.8842208109427,0.010645676729765997
1811.884709330728,0.010337801053023652
1812.885197850513,0.010038454885073052
1813.885686370298,0.009747413242686223
1814.886174890083,0.00946445674590183
1815.886663409868,0.009189371487818327
1816.887151929653,0.008921948907158113
1817.887640449438,0.008661985663552047
1818.888128969223,0.008409283515491335
1819.8886174890083,0.008163649200896784
1820.8891060087933,0.007924894320255463
1821.8895945285783,0.007692835222275035
1822.8900830483635,0.007467292892008255
1823.8905715681485,0.007248092841399818
1824.8910600879335,0.007035065002207986
1825.8915486077185,0.006828043621256232
1826.8920371275035,0.006626867157968565
1827.8925256472887,0.006431378184144618
1828.8930141670737,0.006241423285930447
1829.8935026868587,0.006056852967941742
1830.893991206644,0.005877521559497535
1831.894479726429,0.00570328712292264
1832.894968246214,0.00553401136387732
1833.895456765999,0.005369559543674735
1834.895945285784,0.0052098003935460244
1835.8964338055691,0.0050546060308142545
1836.8969223253541,0.004903851876939153
1837.8974108451391,0.0047574165773945605
1838.8978993649243,0.004615181923342249
1839.8983878847093,0.004477032775065525
1840.8988764044943,0.0043428569871267276
1841.8993649242793,0.004212545335213959
1842.8998534440643,0.004085991444642373
1843.9003419638495,0.003963091720476235
1844.9008304836345,0.003843745279238656
1845.9013190034195,0.003727853882175959
1846.9018075232048,0.003615321870045124
1847.9022960429897,0.0035060560993925996
1848.9027845627747,0.0033999658802933252
1849.9032730825597,0.0032969629155199915
1850.9037616023447,0.003196961241112508
1851.90425012213,0.0030998771683184182
1852.904738641915,0.0030056292268756052
1853.9052271617,0.002914138109608845
1854.9057156814852,0.002825326618312833
1855.9062042012702,0.002739119610894383
1856.9066927210552,0.0026554439497468232
1857.9071812408401,0.0025742284513309136
1858.9076697606251,0.0024954038369362
1859.9081582804104,0.002418902684597726
1860.9086468001954,0.002344659382143396
1861.9091353199804,0.002272610081347582
1862.9096238397656,0.0022026926531672946
1863.9101123595506,0.0021348466440375474
1864.9106008793356,0.002069013233202819
1865.9110893991206,0.0020051351910623724
1866.9115779189056,0.0019431568385072187
1867.9120664386908,0.0018830240072271896
1868.9125549584758,0.0018246840009668486
1869.9130434782608,0.0017680855577094396
1870.913531998046,0.0017131788127685904
1871.914020517831,0.0016599152627676695
1872.914509037616,0.0016082477304872
1873.914997557401,0.001558130330561163
1874.915486077186,0.0015095184360033698
1875.9159745969712,0.0014623686455453584
1876.9164631167562,0.001416638751767801
1877.9169516365412,0.0013722877100075903
1878.9174401563264,0.0013292756080233274
1879.9179286761114,0.001287563636402159
1880.9184171958964,0.0012471140596911317
1881.9189057156814,0.001207890188236931
1882.9193942354664,0.0011698563507178226
1883.9198827552516,0.0011329778673521257
1884.9203712750366,0.0010972210237679206
1885.9208597948216,0.001062553045518763
1886.9213483146068,0.001028942073230836
1887.9218368343918,0.0009963571383669928
1888.9223253541768,0.0009647681395934625
1889.9228138739618,0.0009341458197355219
1890.9233023937468,0.0009044617433084317
1891.923790913532,0.0008756882746103916
1892.924279433317,0.0008477985563644986
1893.924767953102,0.0008207664888969378
1894.9252564728872,0.0007945667098389626
1895.9257449926722,0.0007691745743404711
1896.9262335124572,0.0007445661357831257
1897.9267220322422,0.000720718126981444
1898.9272105520272,0.0006976079418603044
1899.9276990718124,0.0006752136175977219
1900.9281875915974,0.0006535138172218825
1901.9286761113824,0.0006324878126517107
1902.9291646311676,0.0006121154681704815
1903.9296531509526,0.0005923772243222058
1904.9301416707376,0.0005732540822206647
1905.9306301905226,0.0005547275882613409
1906.9311187103076,0.0005367798192265842
1907.9316072300928,0.0005193933677745652
1908.9320957498778,0.0005025513283028791
1909.9325842696628,0.000486237283177699
1910.933072789448,0.00047043528931975387
1911.933561309233,0.00045512986513847667
1912.934049829018,0.00044030597780586134
1913.934538348803,0.0004259490308618678
1914.935026868588,0.0004120448521432413
1915.9355153883732,0.0003985796820279157
1916.9360039081582,0.00038554016198728657
1917.9364924279432,0.0003729133234387918
1918.9369809477284,0.00036068657689149663
1919.9374694675134,0.0003488477013774514
1920.9379579872984,0.0003373848341617687
1921.9384465070834,0.00032628646072460296
1922.9389350268684,0.0003155414050082544
1923.9394235466536,0.0003051388199228726
1924.9399120664386,0.0002950681781043245
1925.9404005862236,0.00028531926291793837
1926.9408891060089,0.0002758821597020469
1927.9413776257938,0.00026674724724529776
1928.9418661455788,0.00025790518949188665
1929.9423546653638,0.00024934692746903225
1930.9428431851488,0.00024106367143107203
1931.943331704934,0.0002330468932147488
1932.943820224719,0.00022528831880036225
1933.944308744504,0.00021777992107355947
1934.9447972642893,0.00021051391278272127
1935.9452857840743,0.0002034827396869564
1936.9457743038593,0.0001966790738898579
1937.9462628236442,0.00019009580735430482
1938.9467513434292,0.00018372604559368288
1939.9472398632145,0.00017756310153500303
1940.9477283829995,0.00017160048954953703
1941.9482169027845,0.0001658319196466381
1942.9487054225697,0.00016025129182658125
1943.9491939423547,0.0001548526905883113
1944.9496824621397,0.00014963037958808751
1945.9501709819247,0.00014457879644514987
1946.9506595017097,0.00013969254769057151
1947.9511480214949,0.00013496640385558933
1948.9516365412799,0.00013039529469579034
1949.9521250610649,0.00012597430454759455
1950.95261358085,0.00012169866781360129
1951.953102100635,0.00011756376457341537
1952.95359062042,0.00011356511631666119
1953.954079140205,0.00010969838179498553
1954.95456765999,0.00010595935298991493
1955.9550561797753,0.00010234395119350724
1956.9555446995603,9.884822319883416e-05
1957.9560332193453,9.546833759736482e-05
1958.9565217391305,9.22005811804458e-05
1959.9570102589155,8.904135544209301e-05
1960.9574987787005,8.598717318040306e-05
1961.9579872984855,8.30346551949652e-05
1962.9584758182705,8.01805270777005e-05
1963.9589643380557,7.7421616094635e-05
1964.9594528578407,7.475484815616971e-05
1965.9599413776257,7.217724487346666e-05
1966.960429897411,6.968592069864136e-05
1967.960918417196,6.727808014650345e-05
1968.961406936981,6.49510150956371e-05
1969.961895456766,6.270210216668525e-05
1970.9623839765509,6.052880017574259e-05
1971.962872496336,5.84286476608161e-05
1972.963361016121,5.639926047937448e-05
1973.963849535906,5.4438329475041863e-05
1974.9643380556913,5.2543618211556296e-05
1975.9648265754763,5.0712960772154196e-05
1976.9653150952613,4.894425962258424e-05
1977.9658036150463,4.723548353601288e-05
1978.9662921348313,4.558466557811806e-05
1979.9667806546165,4.398990115071361e-05
1980.9672691744015,4.244934609229416e-05
1981.9677576941865,4.096121483392453e-05
1982.9682462139717,3.9523778608948095e-05
1983.9687347337567,3.813536371501866e-05
1984.9692232535417,3.679434982700368e-05
1985.9697117733267,3.549916835934794e-05
1986.9702002931117,3.424830087651656e-05
1987.970688812897,3.3040277550176854e-05
1988.971177332682,3.1873675661815835e-05
1989.971665852467,3.074711814951499e-05
1990.9721543722521,2.9659272197651458e-05
1991.9726428920371,2.860884786831652e-05
1992.9731314118221,2.7594596773274983e-05
1993.9736199316071,2.6615310785328498e-05
1994.974108451392,2.566982078796712e-05
1995.9745969711773,2.4756995462226194e-05
1996.9750854909623,2.3875740109697233e-05
1997.9755740107473,2.3024995510663255e-05
1998.9760625305325,2.2203736816364866e-05
1999.9765510503175,2.1410972474423363e-05
2000.9770395701025,2.064574318647357e-05
2001.9775280898875,1.9907120897090988e-05
2002.9780166096725,1.919420781311462e-05
2003.9785051294577,1.8506135452495464e-05
2004.9789936492427,1.7842063721825298e-05
2005.9794821690277,1.72011800217168e-05
2006.979970688813,1.6582698379238498e-05
2007.980459208598,1.5985858606621443e-05
2008.980947728383,1.5409925485477636e-05
2009.981436248168,1.4854187975795445e-05
2010.981924767953,1.4317958448991436e-05
2011.9824132877382,1.380057194432099e-05
2012.9829018075231,1.3301385447970206e-05
2013.9833903273081,1.2819777194165153e-05
2014.9838788470934,1.235514598766074e-05
2015.9843673668784,1.1906910546981792e-05
2016.9848558866634,1.1474508867809375e-05
2017.9853444064483,1.1057397605923777e-05
2018.9858329262333,1.0655051479128566e-05
2019.9863214460186,1.0266962687598375e-05
2020.9868099658036,9.892640352108425e-06
2021.9872984855886,9.53160996961737e-06
2022.9877870053738,9.183412885692204e-06
2023.9882755251588,8.847605783276942e-06
2024.9887640449438,8.523760187319448e-06
2025.9892525647288,8.211461984788029e-06
2026.9897410845138,7.910310959618905e-06
2027.990229604299,7.619920342150736e-06
2028.990718124084,7.339916372614763e-06
2029.991206643869,7.069937878259565e-06
2030.9916951636542,6.809635863704781e-06
2031.9921836834392,6.558673114126148e-06
2032.9926722032242,6.316723810887228e-06
2033.9931607230092,6.083473159244602e-06
2034.9936492427942,5.858617027762821e-06
2035.9941377625794,5.641861599086384e-06
2036.9946262823644,5.432923031726353e-06
2037.9951148021494,5.231527132528116e-06
2038.9956033219346,5.037409039497832e-06
2039.9960918417196,4.850312914673193e-06
2040.9965803615046,4.6699916467332296e-06
2041.9970688812896,4.496206563051923e-06
2042.9975574010746,4.328727150907471e-06
2043.9980459208598,4.167330787568067e-06
2044.9985344406448,4.011802478983597e-06
2045.9990229604298,3.861934606819344e-06
2046.999511480215,3.7175266835769106e-06
2048.0,3.5783851155539623e-06
